	{

		"metadata": {
			"formatVersion" : 3.1,
			"generatedBy"   : "Blender 2.7 Exporter",
			"vertices"      : 61,
			"faces"         : 96,
			"normals"       : 29,
			"colors"        : 0,
			"uvs"           : [41],
			"materials"     : 1,
			"morphTargets"  : 0,
			"bones"         : 0
		},

			"scale" : 1.000000,
			
			"vertices" : [4,-1,-4,4,-1,4,-4,-1,4,-4,-1,-4,4,1,-4,4,1,4,-4,1,4,-4,1,-4,7.15256e-07,-1,-4,4,-1.74845e-07,-4,4,1.74846e-07,4,-4,-1,-1.14838e-06,-4,1.74846e-07,4,-4,-1.74846e-07,-4,4,1,2.10206e-06,9.53674e-07,1,-4,-2.14577e-06,1,4,-4,1,-7.58967e-07,4,-24.0144,-4,-5.96046e-07,1,6.71544e-07,-4,-4.16864e-14,-9.53674e-07,9.53674e-07,-1.74846e-07,-4,4,1,-4,-4,1,4,-4,1,-4,4,1,2.10206e-06,9.53674e-07,1,-4,-2.14577e-06,1,4,-4,1,-7.58967e-07,-5.96046e-07,1,6.71544e-07,4,6.40244,-4,-4,6.40244,4,-4,6.40244,-4,4,6.40244,1.86591e-06,9.53674e-07,6.40244,-4,-2.14577e-06,6.40244,4,-4,6.40244,-9.95115e-07,-5.96046e-07,6.40244,4.35396e-07,4,-10.4261,-4,4,-10.4261,4,-4,-10.4261,4,-4,-10.4261,-4,7.15256e-07,-10.4261,-4,-4,-10.4261,-7.36352e-07,4,23.424,-4,4,-24.0144,4,-4,-24.0144,4,-4,-24.0144,-4,4,-24.0144,1.28812e-06,7.15256e-07,-24.0144,-4,0,-24.0144,4,-4,-24.0144,-1.42392e-07,2.38419e-07,-24.0144,5.72864e-07,-4,23.424,4,-4,23.424,-4,4,23.424,1.12187e-06,9.53674e-07,23.424,-4,-2.14577e-06,23.424,4,-4,23.424,-1.73915e-06,-5.96046e-07,23.424,-3.08641e-07,2,-1.74846e-07,-4],
			"faces"    : [42,0,4,9,0,0,1,2,0,1,0,42,21,15,4,0,3,4,1,2,3,1,42,42,8,21,0,5,6,3,2,2,2,42,0,38,42,0,0,7,5,0,0,2,42,0,21,4,0,0,3,1,0,2,1,42,0,42,21,0,0,5,3,0,2,2,43,17,6,23,28,0,8,8,8,8,4,5,5,4,42,6,17,20,0,4,1,2,5,4,6,42,11,43,20,0,9,7,2,6,6,6,42,43,40,2,0,7,5,10,6,4,4,42,2,12,6,0,10,3,4,4,4,5,42,43,6,20,0,7,4,2,6,5,6,42,43,2,6,0,7,10,4,6,4,5,42,21,7,15,0,2,4,1,2,4,3,42,3,13,7,0,6,3,4,7,7,4,42,42,41,3,0,7,5,6,2,7,7,42,21,8,7,0,2,0,4,2,2,4,42,8,42,3,0,0,7,6,2,2,7,42,8,3,7,0,0,6,4,2,7,4,43,14,19,16,5,0,11,12,13,14,8,9,10,11,43,16,19,29,27,0,8,8,8,8,10,9,12,12,43,19,14,25,29,0,8,8,8,8,9,8,12,12,42,41,43,11,0,7,5,6,7,6,6,42,20,17,11,0,3,4,6,6,4,6,42,17,7,13,0,4,1,2,4,4,7,42,13,3,41,0,2,0,7,7,7,7,42,17,41,11,0,4,7,6,4,7,6,42,17,13,41,0,4,2,7,4,7,7,42,29,59,37,0,15,16,17,12,13,1,42,33,55,59,0,18,19,16,1,11,13,42,29,25,33,0,15,20,18,12,12,1,42,29,33,59,0,15,18,16,12,1,13,42,44,55,33,0,19,16,17,14,11,1,42,25,22,33,0,15,20,17,12,1,1,42,30,44,33,0,18,19,17,0,14,1,42,22,30,33,0,20,18,17,1,0,1,43,4,15,26,22,0,8,8,8,8,1,3,15,1,43,14,4,22,25,0,8,8,8,8,8,1,1,12,43,7,17,28,24,0,8,8,8,8,4,4,4,4,43,6,16,27,23,0,8,8,8,8,5,10,12,5,43,15,7,24,26,0,8,8,8,8,3,4,4,15,42,26,56,34,0,15,21,17,15,16,2,42,32,54,56,0,22,23,21,7,17,16,42,26,24,32,0,15,20,22,15,4,7,42,26,32,56,0,15,22,21,15,7,16,42,22,44,30,0,15,21,17,1,14,0,42,34,56,44,0,22,23,21,2,16,14,42,22,26,34,0,15,20,22,1,15,2,42,22,34,44,0,15,22,21,1,2,14,42,28,58,36,0,15,16,17,4,18,6,42,31,53,58,0,22,19,16,4,19,18,42,28,23,31,0,15,20,22,4,5,4,42,28,31,58,0,15,22,16,4,4,18,42,59,57,35,0,19,16,17,13,11,1,42,27,29,35,0,15,20,17,12,12,1,42,37,59,35,0,18,19,17,1,13,1,42,29,37,35,0,20,18,17,12,1,1,42,24,54,32,0,15,21,17,4,17,7,42,36,58,54,0,22,23,21,6,18,17,42,24,28,36,0,15,20,22,4,4,6,42,24,36,54,0,15,22,21,4,6,17,43,42,38,18,49,0,24,25,26,27,2,0,20,21,42,14,9,4,0,28,29,30,8,0,1,42,38,0,9,0,31,32,29,0,0,0,42,48,18,38,0,33,34,31,22,20,0,42,39,45,48,0,35,36,33,1,23,22,42,14,5,10,0,28,37,38,8,11,1,42,1,39,48,0,39,35,33,1,1,22,42,14,10,1,0,28,38,39,8,1,1,42,14,38,9,0,28,31,29,8,0,0,42,1,48,38,0,39,33,31,1,22,0,42,14,1,38,0,28,39,31,8,1,0,43,40,43,51,46,0,24,25,26,27,4,6,24,25,43,52,50,46,51,0,8,8,8,8,26,27,25,24,43,49,52,51,47,0,8,8,8,8,21,26,24,28,43,18,48,52,49,0,8,8,8,8,20,22,26,21,43,48,45,50,52,0,8,8,8,8,22,23,27,26,43,43,41,47,51,0,24,25,26,27,6,7,28,24,43,41,42,49,47,0,24,25,26,27,7,2,21,28,43,59,58,53,57,0,8,8,8,8,13,18,19,11,43,44,56,59,55,0,8,8,8,8,14,16,13,11,43,56,54,58,59,0,8,8,8,8,16,17,18,13,42,23,53,31,0,15,16,17,5,19,4,42,35,57,53,0,18,19,16,1,11,19,42,23,27,35,0,15,20,18,5,12,1,42,23,35,53,0,15,18,16,5,1,19,42,16,10,5,0,28,29,30,10,1,11,42,39,1,10,0,31,32,29,1,1,1,42,50,45,39,0,33,34,31,27,23,1,42,40,46,50,0,35,36,33,4,25,27,42,6,12,2,0,40,38,39,5,4,4,42,2,40,50,0,39,35,33,4,4,27,42,50,39,10,0,33,31,29,27,1,1,42,16,6,10,0,28,40,29,10,5,1,42,6,2,50,0,40,39,33,5,4,27,42,6,50,10,0,40,33,29,5,27,1],
			"uvs"      : [[3e-05,0.824943,3e-05,0.99997,3e-05,0.912457,0.087543,0.912457,0.087543,0.99997,0.087543,3e-05,0.087543,0.824943,3e-05,3e-05,0,0,3e-05,0.824944,0.087543,0.824944,0.9999,0.999899,0.0001,0.9999,0.0001,0.0001,0.999899,0.0001,2.1e-05,2.1e-05,2.1e-05,0.999979,2.1e-05,0.240933,0.044614,0.240933,0.044615,0.999979,0.044614,2.1e-05,2.2e-05,0.999979,0.044615,0.240933,0.044616,0.999979,0.073616,0.999973,2.7e-05,0.999973,2.7e-05,2.7e-05,0.073617,2.7e-05,0.040003,0.999972,0.079978,0.959997,0.079978,0.999972,0.079978,0.543214,0.079978,0.920022,0.040003,2.8e-05,0.079978,2.8e-05,2.9e-05,0.543214,2.8e-05,2.8e-05,2.8e-05,0.999972,2.9e-05,0.959997,2.9e-05,0.920022,2.9e-05,0.999972]],
			"normals"  : [0.707083,0,-0.707083,0.707083,0,0.707083,0,0,-1,0.836695,0.547655,0,-0.707083,0,0.707083,-0.316202,0,0.948668,-1,0,0,-0.707083,0,-0.707083,0.666646,0.333323,0.666646,0,0.447188,0.894406,0,0.242531,0.970122,0.577349,0.577349,0.577349,0.316202,0,0.948668,0.301492,0.904508,0.301492,0.577349,0.577349,-0.577349,0.989929,-0.141392,0,0,0.707083,-0.707083,-0.577349,0.577349,-0.577349,-0.707083,0.707083,0,-0.577349,0.577349,0.577349,0.577349,-0.577349,-0.577349,0,-0.707083,-0.707083,0.707083,-0.707083,0,0.577349,-0.577349,0.577349,-0.707083,-0.707083,0,-0.577349,-0.577349,0.577349,0,-1,0,0,-0.707083,0.707083,-0.577349,-0.577349,-0.577349],
			
			"skinIndices"  : [],
			"skinWeights"  : [],
			"morphTargets" : [],
			
			"bones"      : [],
			"animations" : [],
			
			"colors"    : [],
			"materials" : [
				{
					"DbgColor": 15658734,
					"DbgIndex": 0,
					"DbgName": "Material",
					"blending": "NormalBlending",
					"colorAmbient": [0.800000011920929, 0.800000011920929, 0.800000011920929],
					"colorDiffuse": [0.800000011920929, 0.800000011920929, 0.800000011920929],
					"colorEmissive": [0.03999999821186062, 0.03999999821186062, 0.03999999821186062],
					"colorSpecular": [0.0, 0.0, 0.0],
					"depthTest": true,
					"depthWrite": true,
					"mapDiffuse": "log_big_oak.png",
					"mapDiffuseWrap": ["repeat", "repeat"],
					"shading": "Lambert",
					"specularCoef": 50,
					"transparency": 1.0,
					"transparent": false,
					"vertexColors": false
				}
			]


	}
