	{

		"metadata": {
			"formatVersion" : 3.1,
			"generatedBy"   : "Blender 2.7 Exporter",
			"vertices"      : 8,
			"faces"         : 6,
			"normals"       : 8,
			"colors"        : 0,
			"uvs"           : [6],
			"materials"     : 1,
			"morphTargets"  : 0,
			"bones"         : 0
		},

			"scale" : 1.000000,
			
			"vertices" : [25,-3.5,-70,25,-3.5,70,-25,-3.5,70,-25,-3.5,-70,25,-0.500003,-69.9999,25,-0.499997,70,-25,-0.499997,69.9999,-25,-0.500003,-70],
			"faces"    : [43,0,1,2,3,0,0,1,2,3,0,1,2,3,43,4,7,6,5,0,4,1,2,5,4,5,6,7,43,0,4,5,1,0,3,0,1,2,0,4,7,1,43,1,5,6,2,0,3,0,1,2,1,7,6,2,43,2,6,7,3,0,1,2,3,0,2,6,5,3,43,4,0,3,7,0,3,0,1,2,4,0,3,5],
			"uvs"      : [[0.9999,0.9999,0.0001,0.9999,0.0001,0.0001,0.9999,0.0001,0.9999,0.999899,0.999899,0.0001]],
			"normals"  : [0.577349,-0.577319,-0.577349,0.577349,-0.577349,0.577319,-0.577319,-0.577349,0.577349,-0.577319,-0.577319,-0.577349,0.577349,0.577349,-0.577319,-0.577349,0.577349,-0.577319,-0.577349,0.577319,0.577349,0.577319,0.577349,0.577349],
			
			"skinIndices"  : [],
			"skinWeights"  : [],
			"morphTargets" : [],
			
			"bones"      : [],
			"animations" : [],
			
			"colors"    : [],
			"materials" : [
				{
					"DbgColor": 15658734,
					"DbgIndex": 0,
					"DbgName": "Material.003",
					"blending": "NormalBlending",
					"colorAmbient": [0.31081274151802063, 0.0802922174334526, 0.02805854193866253],
					"colorDiffuse": [0.31081274151802063, 0.0802922174334526, 0.02805854193866253],
					"colorEmissive": [0.0, 0.0, 0.0],
					"colorSpecular": [0.051236480474472046, 0.028896482661366463, 0.0046891686506569386],
					"depthTest": true,
					"depthWrite": true,
					"mapDiffuse": "planks_acacia.png",
					"mapDiffuseRepeat": [3, 3],
					"mapDiffuseWrap": ["repeat", "repeat"],
					"shading": "Lambert",
					"specularCoef": 50,
					"transparency": 1.0,
					"transparent": false,
					"vertexColors": false
				}
			]


	}
